<?xml version="1.0" encoding="UTF-8" standalone="no"?>
<parachute>
    <parachute>
        <cost>40052</cost>
        <name>redBull</name>
        <description>veryCoolAndAmazing</description>
    </parachute>
    <parachute>
        <cost>3558</cost>
        <name>sprunk</name>
        <description>gta5enjoyer</description>
    </parachute>
    <parachute>
        <cost>600101</cost>
        <name>dior</name>
        <description>beautiful</description>
    </parachute>
    <parachute>
        <cost>9966</cost>
        <name>www</name>
        <description>huhCool</description>
    </parachute>
    <parachute>
        <cost>1000</cost>
        <name>holand</name>
        <description>fifa</description>
    </parachute>
    <parachute>
        <cost>3</cost>
        <name>goodA</name>
        <description>glop</description>
    </parachute>
    <parachute>
        <cost>4</cost>
        <name>gh</name>
        <description>edertyr</description>
    </parachute>
    <parachute>
        <cost>52</cost>
        <name>52</name>
        <description>52</description>
    </parachute>
</parachute>
